{"format": "layers-model", "generatedBy": "keras v2.15.0", "convertedBy": "TensorFlow.js Converter v4.20.0", "modelTopology": {"keras_version": "2.15.0", "backend": "tensorflow", "model_config": {"class_name": "Functional", "config": {"name": "ResNet34_v2", "trainable": true, "layers": [{"class_name": "InputLayer", "config": {"batch_input_shape": [null, 44, 13], "dtype": "float32", "sparse": false, "ragged": false, "name": "input_6"}, "name": "input_6", "inbound_nodes": []}, {"class_name": "InputLayer", "config": {"batch_input_shape": [null, 44, 12], "dtype": "float32", "sparse": false, "ragged": false, "name": "input_7"}, "name": "input_7", "inbound_nodes": []}, {"class_name": "Conv1D", "config": {"name": "conv1d_4", "trainable": true, "dtype": "float32", "filters": 16, "kernel_size": [3], "strides": [1], "padding": "same", "data_format": "channels_last", "dilation_rate": [1], "groups": 1, "activation": "relu", "use_bias": true, "kernel_initializer": {"module": "keras.initializers", "class_name": "GlorotUniform", "config": {"seed": null}, "registered_name": null}, "bias_initializer": {"module": "keras.initializers", "class_name": "Zeros", "config": {}, "registered_name": null}, "kernel_regularizer": {"module": "keras.regularizers", "class_name": "L2", "config": {"l2": 0.009999999776482582}, "registered_name": null}, "bias_regularizer": null, "activity_regularizer": null, "kernel_constraint": null, "bias_constraint": null}, "name": "conv1d_4", "inbound_nodes": [[["input_6", 0, 0, {}]]]}, {"class_name": "Conv1D", "config": {"name": "conv1d_6", "trainable": true, "dtype": "float32", "filters": 16, "kernel_size": [3], "strides": [1], "padding": "same", "data_format": "channels_last", "dilation_rate": [1], "groups": 1, "activation": "relu", "use_bias": true, "kernel_initializer": {"module": "keras.initializers", "class_name": "GlorotUniform", "config": {"seed": null}, "registered_name": null}, "bias_initializer": {"module": "keras.initializers", "class_name": "Zeros", "config": {}, "registered_name": null}, "kernel_regularizer": {"module": "keras.regularizers", "class_name": "L2", "config": {"l2": 0.009999999776482582}, "registered_name": null}, "bias_regularizer": null, "activity_regularizer": null, "kernel_constraint": null, "bias_constraint": null}, "name": "conv1d_6", "inbound_nodes": [[["input_7", 0, 0, {}]]]}, {"class_name": "MaxPooling1D", "config": {"name": "max_pooling1d_4", "trainable": true, "dtype": "float32", "strides": [2], "pool_size": [2], "padding": "valid", "data_format": "channels_last"}, "name": "max_pooling1d_4", "inbound_nodes": [[["conv1d_4", 0, 0, {}]]]}, {"class_name": "MaxPooling1D", "config": {"name": "max_pooling1d_6", "trainable": true, "dtype": "float32", "strides": [2], "pool_size": [2], "padding": "valid", "data_format": "channels_last"}, "name": "max_pooling1d_6", "inbound_nodes": [[["conv1d_6", 0, 0, {}]]]}, {"class_name": "Conv1D", "config": {"name": "conv1d_5", "trainable": true, "dtype": "float32", "filters": 32, "kernel_size": [3], "strides": [1], "padding": "same", "data_format": "channels_last", "dilation_rate": [1], "groups": 1, "activation": "relu", "use_bias": true, "kernel_initializer": {"module": "keras.initializers", "class_name": "GlorotUniform", "config": {"seed": null}, "registered_name": null}, "bias_initializer": {"module": "keras.initializers", "class_name": "Zeros", "config": {}, "registered_name": null}, "kernel_regularizer": {"module": "keras.regularizers", "class_name": "L2", "config": {"l2": 0.009999999776482582}, "registered_name": null}, "bias_regularizer": null, "activity_regularizer": null, "kernel_constraint": null, "bias_constraint": null}, "name": "conv1d_5", "inbound_nodes": [[["max_pooling1d_4", 0, 0, {}]]]}, {"class_name": "Conv1D", "config": {"name": "conv1d_7", "trainable": true, "dtype": "float32", "filters": 32, "kernel_size": [3], "strides": [1], "padding": "same", "data_format": "channels_last", "dilation_rate": [1], "groups": 1, "activation": "relu", "use_bias": true, "kernel_initializer": {"module": "keras.initializers", "class_name": "GlorotUniform", "config": {"seed": null}, "registered_name": null}, "bias_initializer": {"module": "keras.initializers", "class_name": "Zeros", "config": {}, "registered_name": null}, "kernel_regularizer": {"module": "keras.regularizers", "class_name": "L2", "config": {"l2": 0.009999999776482582}, "registered_name": null}, "bias_regularizer": null, "activity_regularizer": null, "kernel_constraint": null, "bias_constraint": null}, "name": "conv1d_7", "inbound_nodes": [[["max_pooling1d_6", 0, 0, {}]]]}, {"class_name": "InputLayer", "config": {"batch_input_shape": [null, 44], "dtype": "float32", "sparse": false, "ragged": false, "name": "input_8"}, "name": "input_8", "inbound_nodes": []}, {"class_name": "InputLayer", "config": {"batch_input_shape": [null, 44], "dtype": "float32", "sparse": false, "ragged": false, "name": "input_9"}, "name": "input_9", "inbound_nodes": []}, {"class_name": "InputLayer", "config": {"batch_input_shape": [null, 44], "dtype": "float32", "sparse": false, "ragged": false, "name": "input_10"}, "name": "input_10", "inbound_nodes": []}, {"class_name": "MaxPooling1D", "config": {"name": "max_pooling1d_5", "trainable": true, "dtype": "float32", "strides": [2], "pool_size": [2], "padding": "valid", "data_format": "channels_last"}, "name": "max_pooling1d_5", "inbound_nodes": [[["conv1d_5", 0, 0, {}]]]}, {"class_name": "MaxPooling1D", "config": {"name": "max_pooling1d_7", "trainable": true, "dtype": "float32", "strides": [2], "pool_size": [2], "padding": "valid", "data_format": "channels_last"}, "name": "max_pooling1d_7", "inbound_nodes": [[["conv1d_7", 0, 0, {}]]]}, {"class_name": "Dense", "config": {"name": "dense1_num", "trainable": true, "dtype": "float32", "units": 32, "activation": "relu", "use_bias": true, "kernel_initializer": {"module": "keras.initializers", "class_name": "GlorotUniform", "config": {"seed": null}, "registered_name": null}, "bias_initializer": {"module": "keras.initializers", "class_name": "Zeros", "config": {}, "registered_name": null}, "kernel_regularizer": {"module": "keras.regularizers", "class_name": "L2", "config": {"l2": 0.009999999776482582}, "registered_name": null}, "bias_regularizer": null, "activity_regularizer": null, "kernel_constraint": null, "bias_constraint": null}, "name": "dense1_num", "inbound_nodes": [[["input_8", 0, 0, {}]]]}, {"class_name": "Dense", "config": {"name": "dense1_num2", "trainable": true, "dtype": "float32", "units": 32, "activation": "relu", "use_bias": true, "kernel_initializer": {"module": "keras.initializers", "class_name": "GlorotUniform", "config": {"seed": null}, "registered_name": null}, "bias_initializer": {"module": "keras.initializers", "class_name": "Zeros", "config": {}, "registered_name": null}, "kernel_regularizer": {"module": "keras.regularizers", "class_name": "L2", "config": {"l2": 0.009999999776482582}, "registered_name": null}, "bias_regularizer": null, "activity_regularizer": null, "kernel_constraint": null, "bias_constraint": null}, "name": "dense1_num2", "inbound_nodes": [[["input_9", 0, 0, {}]]]}, {"class_name": "Dense", "config": {"name": "dense1_num3", "trainable": true, "dtype": "float32", "units": 32, "activation": "relu", "use_bias": true, "kernel_initializer": {"module": "keras.initializers", "class_name": "GlorotUniform", "config": {"seed": null}, "registered_name": null}, "bias_initializer": {"module": "keras.initializers", "class_name": "Zeros", "config": {}, "registered_name": null}, "kernel_regularizer": {"module": "keras.regularizers", "class_name": "L2", "config": {"l2": 0.009999999776482582}, "registered_name": null}, "bias_regularizer": null, "activity_regularizer": null, "kernel_constraint": null, "bias_constraint": null}, "name": "dense1_num3", "inbound_nodes": [[["input_10", 0, 0, {}]]]}, {"class_name": "Flatten", "config": {"name": "flatten_2", "trainable": true, "dtype": "float32", "data_format": "channels_last"}, "name": "flatten_2", "inbound_nodes": [[["max_pooling1d_5", 0, 0, {}]]]}, {"class_name": "Flatten", "config": {"name": "flatten_3", "trainable": true, "dtype": "float32", "data_format": "channels_last"}, "name": "flatten_3", "inbound_nodes": [[["max_pooling1d_7", 0, 0, {}]]]}, {"class_name": "Dense", "config": {"name": "dense2_num", "trainable": true, "dtype": "float32", "units": 16, "activation": "relu", "use_bias": true, "kernel_initializer": {"module": "keras.initializers", "class_name": "GlorotUniform", "config": {"seed": null}, "registered_name": null}, "bias_initializer": {"module": "keras.initializers", "class_name": "Zeros", "config": {}, "registered_name": null}, "kernel_regularizer": {"module": "keras.regularizers", "class_name": "L2", "config": {"l2": 0.009999999776482582}, "registered_name": null}, "bias_regularizer": null, "activity_regularizer": null, "kernel_constraint": null, "bias_constraint": null}, "name": "dense2_num", "inbound_nodes": [[["dense1_num", 0, 0, {}]]]}, {"class_name": "Dense", "config": {"name": "dense2_num2", "trainable": true, "dtype": "float32", "units": 16, "activation": "relu", "use_bias": true, "kernel_initializer": {"module": "keras.initializers", "class_name": "GlorotUniform", "config": {"seed": null}, "registered_name": null}, "bias_initializer": {"module": "keras.initializers", "class_name": "Zeros", "config": {}, "registered_name": null}, "kernel_regularizer": {"module": "keras.regularizers", "class_name": "L2", "config": {"l2": 0.009999999776482582}, "registered_name": null}, "bias_regularizer": null, "activity_regularizer": null, "kernel_constraint": null, "bias_constraint": null}, "name": "dense2_num2", "inbound_nodes": [[["dense1_num2", 0, 0, {}]]]}, {"class_name": "Dense", "config": {"name": "dense2_num3", "trainable": true, "dtype": "float32", "units": 16, "activation": "relu", "use_bias": true, "kernel_initializer": {"module": "keras.initializers", "class_name": "GlorotUniform", "config": {"seed": null}, "registered_name": null}, "bias_initializer": {"module": "keras.initializers", "class_name": "Zeros", "config": {}, "registered_name": null}, "kernel_regularizer": {"module": "keras.regularizers", "class_name": "L2", "config": {"l2": 0.009999999776482582}, "registered_name": null}, "bias_regularizer": null, "activity_regularizer": null, "kernel_constraint": null, "bias_constraint": null}, "name": "dense2_num3", "inbound_nodes": [[["dense1_num3", 0, 0, {}]]]}, {"class_name": "Concatenate", "config": {"name": "concat_full", "trainable": true, "dtype": "float32", "axis": -1}, "name": "concat_full", "inbound_nodes": [[["flatten_2", 0, 0, {}], ["flatten_3", 0, 0, {}], ["dense2_num", 0, 0, {}], ["dense2_num2", 0, 0, {}], ["dense2_num3", 0, 0, {}]]]}, {"class_name": "Dense", "config": {"name": "dense_2", "trainable": true, "dtype": "float32", "units": 32, "activation": "relu", "use_bias": true, "kernel_initializer": {"module": "keras.initializers", "class_name": "GlorotUniform", "config": {"seed": null}, "registered_name": null}, "bias_initializer": {"module": "keras.initializers", "class_name": "Zeros", "config": {}, "registered_name": null}, "kernel_regularizer": {"module": "keras.regularizers", "class_name": "L2", "config": {"l2": 0.009999999776482582}, "registered_name": null}, "bias_regularizer": null, "activity_regularizer": null, "kernel_constraint": null, "bias_constraint": null}, "name": "dense_2", "inbound_nodes": [[["concat_full", 0, 0, {}]]]}, {"class_name": "Dense", "config": {"name": "dense_3", "trainable": true, "dtype": "float32", "units": 4, "activation": "softmax", "use_bias": true, "kernel_initializer": {"module": "keras.initializers", "class_name": "GlorotUniform", "config": {"seed": null}, "registered_name": null}, "bias_initializer": {"module": "keras.initializers", "class_name": "Zeros", "config": {}, "registered_name": null}, "kernel_regularizer": {"module": "keras.regularizers", "class_name": "L2", "config": {"l2": 0.009999999776482582}, "registered_name": null}, "bias_regularizer": null, "activity_regularizer": null, "kernel_constraint": null, "bias_constraint": null}, "name": "dense_3", "inbound_nodes": [[["dense_2", 0, 0, {}]]]}], "input_layers": [["input_6", 0, 0], ["input_7", 0, 0], ["input_8", 0, 0], ["input_9", 0, 0], ["input_10", 0, 0]], "output_layers": [["dense_3", 0, 0]]}}, "training_config": {"loss": "categorical_crossentropy", "metrics": [[{"class_name": "MeanMetricWrapper", "config": {"name": "accuracy", "dtype": "float32", "fn": "categorical_accuracy"}}]], "weighted_metrics": null, "loss_weights": null, "optimizer_config": {"class_name": "Custom>Adam", "config": {"name": "Adam", "weight_decay": null, "clipnorm": null, "global_clipnorm": null, "clipvalue": null, "use_ema": false, "ema_momentum": 0.99, "ema_overwrite_frequency": null, "jit_compile": false, "is_legacy_optimizer": false, "learning_rate": 9.999999747378752e-05, "beta_1": 0.9, "beta_2": 0.999, "epsilon": 1e-07, "amsgrad": false}}}}, "weightsManifest": [{"paths": ["group1-shard1of1.bin"], "weights": [{"name": "conv1d_4/kernel", "shape": [3, 13, 16], "dtype": "float32"}, {"name": "conv1d_4/bias", "shape": [16], "dtype": "float32"}, {"name": "conv1d_5/kernel", "shape": [3, 16, 32], "dtype": "float32"}, {"name": "conv1d_5/bias", "shape": [32], "dtype": "float32"}, {"name": "conv1d_6/kernel", "shape": [3, 12, 16], "dtype": "float32"}, {"name": "conv1d_6/bias", "shape": [16], "dtype": "float32"}, {"name": "conv1d_7/kernel", "shape": [3, 16, 32], "dtype": "float32"}, {"name": "conv1d_7/bias", "shape": [32], "dtype": "float32"}, {"name": "dense1_num/kernel", "shape": [44, 32], "dtype": "float32"}, {"name": "dense1_num/bias", "shape": [32], "dtype": "float32"}, {"name": "dense1_num2/kernel", "shape": [44, 32], "dtype": "float32"}, {"name": "dense1_num2/bias", "shape": [32], "dtype": "float32"}, {"name": "dense1_num3/kernel", "shape": [44, 32], "dtype": "float32"}, {"name": "dense1_num3/bias", "shape": [32], "dtype": "float32"}, {"name": "dense2_num/kernel", "shape": [32, 16], "dtype": "float32"}, {"name": "dense2_num/bias", "shape": [16], "dtype": "float32"}, {"name": "dense2_num2/kernel", "shape": [32, 16], "dtype": "float32"}, {"name": "dense2_num2/bias", "shape": [16], "dtype": "float32"}, {"name": "dense2_num3/kernel", "shape": [32, 16], "dtype": "float32"}, {"name": "dense2_num3/bias", "shape": [16], "dtype": "float32"}, {"name": "dense_2/kernel", "shape": [752, 32], "dtype": "float32"}, {"name": "dense_2/bias", "shape": [32], "dtype": "float32"}, {"name": "dense_3/kernel", "shape": [32, 4], "dtype": "float32"}, {"name": "dense_3/bias", "shape": [4], "dtype": "float32"}]}]}